<?xml version="1.0" encoding="UTF-8"?>
<project-private xmlns="http://www.netbeans.org/ns/project-private/1">
    <editor-bookmarks xmlns="http://www.netbeans.org/ns/editor-bookmarks/2" lastBookmarkId="0"/>
    <open-files xmlns="http://www.netbeans.org/ns/projectui-open-files/2">
        <group>
            <file>file:/C:/Users/User/Downloads/FestaJunina/FestaJunina/src/controlador/CBrincadeira.java</file>
            <file>file:/C:/Users/User/Downloads/FestaJunina/FestaJunina/src/modelo/Brincadeira.java</file>
            <file>file:/C:/Users/User/Downloads/FestaJunina/FestaJunina/src/db/DBBrincadeira.java</file>
            <file>file:/C:/Users/User/Downloads/FestaJunina/FestaJunina/src/db/DBComida.java</file>
            <file>file:/C:/Users/User/Downloads/FestaJunina/FestaJunina/src/modelo/Comida.java</file>
            <file>file:/C:/Users/User/Downloads/FestaJunina/FestaJunina/src/controlador/CComida.java</file>
        </group>
    </open-files>
</project-private>
